Message,Status,Departement
assalamualaikum pak gubernur saya mau usul mbok jalan salaman w nosobo di perbaiki udah banyak lubangnya kasihan wong cilik yg mau lewat nuwun ,Selesai,dinas pekerjaan umum bina marga cipta karya
pak gub biaya perpanjangan sim a umum b b umum b dan b umum di polres wonosobo sampai rb an saya pertma nggak percaya kemudian saya coba mengantar sendiri sopir saya dan kenyataan itu betul betul membuat saya shock tanpa kwitansi tanpa sop seperti sim c dan a yg ditempel saya kemudian berfikir ini terjadi karena diskriminasi profesi mengapa karena yg ngurus membuat memerpanjang sim umum pastilah berprofesi sopir nah kalau a dan c bisa jadi dia pejabat orang kantoran mahasiswa dan lain sebagainya yg kemungkinan dipungli pasti akan berteriak tidak demikian dengan para sopir yang sudah hafal dengan tabiat polisi pastinya mereka manut nut tidak ada pilihan naudzubilahimindzalik gimana pak gub maturnuwun sanget,Selesai,kepolisian daerah jawa tengah
kpd yth gub jateng gini pak ganjar akses jalan untuk desa desa terpencil kondisinya banyak yang rusak parah contoh desa mergolangu kec kalibawang kab wonosobo sudah puluhan tahun jalan menuju desa rusak parah kayak kali asat pak mohon untuk diperhatikan makasih bagyo desa megolangu kec kalibawang kab wonosobo ,Selesai,dinas pekerjaan umum bina marga cipta karya
jalan wonosobo semarang rusak,Selesai,dinas pekerjaan umum bina marga cipta karya
lapor pak gub mohon d tindak lanjuti playanan di rsud krt setdjonegoro wonosobo adik kami menjadi korban ledakan petasan sya langsung bwa ke ugd tgl pkl tidak ada penanganan dr doktr spesialis mata rs trsbut kami minta konfirmasi kapan mau d tindak lanjuti doktr nya katanya tgl mohon agar bisa d tindak lanjuti kami sangat menginginkan playanan secepatnya krn keadaan luka d mata apabila sampai cacat yg menanggung kami krn kurang ceptany pelayanan dr dokter yg bersangkutan trima kasih mohon dg hormat tindak lanjut dari bapk gubernur ,Selesai,dinas kesehatan
lapor pak kakak saya supir ambulans rsud wonosobo beberapa hari lalu dia mengalami kecelakaan saat membawa pasien ke jogja dengan sirine hidup ada motor jatuh keluar jalur tepat di depan ambulance dan korban meninggal sampe sekarang kakak saya di tahan di magelang pak pihak rsu hanya mau membantu servise ambulan ada spj biaya lain di serahkan kakak saya mohon pencerahan nya pak hak apa saja seharusnya yg bisa kita dapat terimakasih,Selesai,dinas kesehatan
jalan rusak parah silento wonosobo perbatasan wonosobo magelang jl raya kertek sapuran hanya tambal tambal jl raya t jogonegoro arah banjar negara bergelombang dan membahayakan investor sepi preman preman pemeras pengusaha berkeliaran berikan kami bupati yang mau bekerja pak ,Selesai,dinas pekerjaan umum bina marga cipta karya
assalamualaikum saya mau melaporkan tentang jalan yang rusak lubang didepan rumah saya alamat jl raya wonosobo km catgawen caturanom parakan temanggung jalan raya depan rumah saya termasuk jalan nasional provinsi biasa dilewati kendaraan kendaraan berat jadi jalan sering rusak meskipun berkali kali diperbaiki tapi tidak pernah bisa bertahan lama biasanya hanya bertahan beberapa bulan bahkan ada yang hanya bertahan beberapa minggu saja pertanyaan saya apakah tidak ada kajian yang serius tentang perbaikan jalan yang seringkali dilewati kendaraan berat sehingga daya tahannya tdk pernah bisa lama ini sangat membahayakan setiap hari puluhan mobil dan motor yang pecah bannya ketika melewati depan rumah saya karena lubangnya semakin dalam saya sudah lapor secara lesan ke dpu kabupaten temanggung tapi katanya jalan tsb merupakan ranahnya provinsi ,Selesai,dinas pekerjaan umum bina marga cipta karya
lapor nama sy helmy jalan didepan rmh sy rusak parah sehingga sering mengakibatkan kendaraan pecah ban sudah berkali kali diperbaiki tapi tdk pernah bertahan lama alamat jl raya wonosobo km catgawen caturanom parakan temanggung,Selesai,dinas pekerjaan umum bina marga cipta karya
selamat malam pak ganjar saya mewakili keluarga saya yang bekerja sebagai bidan ptt di wilayah wonosobo disini saya ingin mencari informasi tentang sk pengangkatan bidan ptt diwonosobo koq belum ada kabar disisi lain sebagian wilayah jawa tengah sudah dibagikan mohon informasinya pak terima kasih ,Selesai,dinas kesehatan
yang terhormat bp gubernur kami masyarakat ds ngasinan kec kaliwiro kab wonosobo desa kami terkena bencana tanah longsor rumah jalan terkena dampaknya kami mohon bantuannya untuk relokasi rumah warga dan perbaikan jalan desa ngasinan trima kasih ,Selesai,dinas pekerjaan umum bina marga cipta karya
yth bp ganjar sya mau menanyakan hasil ott di samsat wonosobo kauaknya jalan di tempat ya pa pdhal pungli di samsat wonosobo sdh merajalela pa trma ksh pa,Selesai,dinas pekerjaan umum bina marga cipta karya
pak ganjar jalan lintas provinsi wonosobo jawa tengah tepat nya sepanjang jalan binangun siyono kertek rusak parah laka lantas diderah trsebut ckup tinggi terutama daerah jembatan sayangan tepatnya depan sd negri ngadikusuman sy sekar warga daerah setempat trmksh dn mohon segera di atasi ,Selesai,dinas pekerjaan umum bina marga cipta karya
selamat pagi pak ganjar salam sejahtera semoga pak ganjar sekeluarga selalu dalam perlindungannya perkenalkan saya feri dari wonosobo bekerja sebagai outshourching di pln wonosobo di bawah naungan pt asiadaya abadi yg berkantor di kudus saya mau menyampaikan sedikit keluhan sudah thn berjalan pt asiadaya bekerjasama dgn pln dan sampai sekarang belum ada penyesuaian gaji pokok sesuai umk yg berlaku di wonosobo bahkan dari awal mengenai tunjangan dplk pun belum ada realisasi padahal didalam surat kontrak sudah ada poin yg sudah disepakati yang membuat miris juga di bulan maret ini saya teman sesama os belum mendapat gaji padahal di surat perjanjian pemberian upah dilakukan paling lambat setiap tgl di pt yg sebelumnya juga saya mengalami hal yg sama selama tahun mohon untuk menjadi perhatian nasib para karyawan os khususnya di pt pln atas perhatiannya saya ucapkan banyak terima kasih ,Selesai,dinas pekerjaan umum bina marga cipta karya
assalamualaikum pak gubernur ganjar pranowo saya syarif dari desa jlamprang kecamatan leksono kabupaten wonosobo jawa tengah saya ingin mengadu bahwa kantor kelurahan didesa saya memperihatinkan dan jalan didesa saya rusak parah sudah begitu lama tpi belum ada tanda tanda untuk perbaikan dan penyaluran bantuan ngak tepat pada orang yg semestinya layak menerima bantuan itu terima kasih,Selesai,dinas pekerjaan umum bina marga cipta karya
assalamualaikum pak ganjar trimakasih jalan kertek kota wnosobo udah di benahi dan di aspal bagus,Selesai,dinas pekerjaan umum bina marga cipta karya
pak banyak jalan rusak di sepanjang jalan kertek sapuran wonosobo ,Selesai,dinas pekerjaan umum bina marga cipta karya
lapor pak ganjar di desa batursari sapuran wonosobo pamsimas menggunakan bendungan dari air kali kemungkinan air kali itu kotor karna saluran dari desa setempat mengalir ke kali itu setau saya pamsimas harus menggunakan sumber air asli pegunungan,Selesai,dinas kesehatan
tlng di sidak puskesmas kertek kota wonosobo karna playanan sangat tidak memuaskan pekerja males san antrian banyak ruangan control kosong pdhal bgitu pula loket obat sangat lambat saya anti dri jam sampe jam blum juga di layani seharusnya pasien balita anak harusdi dhulukan td sampai ad yg kejang juga karna sangat lambat nya playanan kurang sigap tlng di sidak pecat semua kl sudah malas kerja trima kasih saya hanya orang kecil hanya bpk tempat pengasuan saya,Selesai,dinas kesehatan
selamat pagi pak ganjar pak saya warga jawa tengah kabupaten wonosobo mohon bantuannya pak untuk pembenahan jalan di wonosobo yang super duper jelek banyak bolong bolong nya tidak pernah di benahi pak banyak yg kecelakaan di banyak titik diwaktu hujan dan juga sudah banyak yang ditandain oleh driver grab tolong pak ganjar main lah ke wonosobo lagi supaya jalan nya dibenerin dari kledung sampai kota wonosobo pak jalannya ya ampun bisa tepok jidat pak walaupun ada halusnya sdikit sdikit sekali dan tolong di bangunkan jalur kereta api seperti dahulu pak ganjar supaya orang wonosobo tidak jauh harus ke purwokerto atau ke semarang dahulu untuk naik kereta api pak trima kasih ,Selesai,dinas pekerjaan umum bina marga cipta karya
pungli pembuatan sim kabupaten wonosobo bisa sampai ribu,Selesai,kepolisian daerah jawa tengah
asllamualkaikum wr wb maf sblmnya saya ingn ksh infrmsi bawha msh ada pungli d wonosobo ini keluh kesah dri warga yang kena tilang di jalan hnya tidak pnya sim di kenakan tilang rb nominal yang tak sedikit menurut kami karna yg sudah hnya dpt denda rb katanya petugas jika sidang nominal sma dan jika ingin sidang saja maka motor akan di bawa petugas saya mau tanya apa benar hnya tak punya sim denda tilang rb apakah nominal tak punya sim c naik dri dlu yg rb jadi rb dan jika ingin sidang knp mtor harus di sita dan bnyak pula yang bayar di tempat dengan nominal trsebut trimakasih,Selesai,kepolisian daerah jawa tengah
alhamdulillah laporan di tanggapi wlwpun cuma di tambal sdh mengurangi angka kecelakaan alangkah baiknya di survei dri propinsi agar melihat kondisi tambalan yang tidak mungkin bertahan lama ,Selesai,dinas pekerjaan umum bina marga cipta karya
nten info pak ganjarpranowo jarene mpun thn kondisi bgitu tpatnya kab wonosobo kec kaliwiro mhon di anu pak matur nuwun ,Selesai,dinas pekerjaan umum bina marga cipta karya
pak mumpung diwonosobo bncana alam yg merusak jalan dan jmbatan penghubung antar kecamatan kalibawang dn kaliwiro tempatnya di desa selamanik sudah tahun lebih penangananya sangat lambat ,Selesai,dinas pekerjaan umum bina marga cipta karya
saya mau lapor jalanan dari jembatan siigaluh menuju desa kepyar gumiwang rusak parah tolong diperbaikin pak kasihan yang lewat apalagi kalaw ibu hamil bisa membahayakan soalnya lubangnya udah pada dalam,Selesai,dinas pekerjaan umum bina marga cipta karya
jalan rusak parah yang menuju desa kepyar gumiwang tolong diperbaiki kasihan ibu hamil kendaraan yang melintas maaf saya ga bisa kirim gambar karna saya dijakarta,Selesai,dinas pekerjaan umum bina marga cipta karya
bapak gub ganjar pranowo kalau laporan jalan rusak parah kmn njih pak jl selomerto kertek kab wonosobo rusak parah lho pak bahu jalan jg ada yg longsor harus jl satu sedih sayatuuuh ,Selesai,dinas pekerjaan umum bina marga cipta karya
assalamu alaikum pak ganjar kapan tol bawen wonosobo di bangun semoga bapak jadi presiden,Selesai,dinas pekerjaan umum bina marga cipta karya
bapk gubernur jateng tolong di rubah pelayanan puskesmas wonosobo kasihan wong cilik dulu murah sekarang kok jadi maha trus antrinya maturnuwon moga pk ganjar sehat selalu ,Selesai,dinas kesehatan
wonosobo juga pakk tepatnya di jalan terobosan jalur kertek selomerto via semayu rusak parah diameternya juga parah genangan airnya bisa buat mancing bersama ada beberapa titik pinggir jalan longsor sdh sekitar bln tdk ada penanganan saya sudah smpt dm pak bupati gak ada respon semoga jdi perhatian pak ganjar agar tidak terjadi banyak korban kecelakaan tunggal sebelum menghitung banyaknya korban lebih baik menghitung banyaknya lubang agar tidak ada korban terima kasih sebelumnya ,Selesai,dinas pekerjaan umum bina marga cipta karya
bapak jalur tengah kepil kertek arah wonosobo muntilan jg lumayan banyak lobang jalur selatan purworejo petanahan kok ga beres nggih ,Selesai,dinas pekerjaan umum bina marga cipta karya
lapor pak ganjar pranowo jalan wonosobo purworejo sudah banyak lubang saya kira sudah saatnya untuk ditangani matursuwun,Selesai,dinas pekerjaan umum bina marga cipta karya
assalamualaikum pk gubernur kami meminta jln propinsi trutama kejajar dieng diperlebar klo malam sring di lewati tronton pertamina kadang klo berpapasan dgn sepeda motor aja harus berhenti klo hari libur sring macet mohon ditindak lanjuti trims,Selesai,dinas pekerjaan umum bina marga cipta karya
pak tolong saya pk mohon bpk berkunjung ke wonosobo banyak sekali di sana rakyat kecil yg tidak bisa berobat karena tidak mampu dan minta tolong untuk program pemerintah di realisasikan bener tepat sasaran khususnya pembagian bpjs,Selesai,dinas kesehatan
pk gub ini jln propinsi kejajar dieng mohon di perlebar soale sring di lalui tronton dan sring bikin macet nuwun,Selesai,dinas pekerjaan umum bina marga cipta karya
pak ganjar mohon bantuan dperbaiki n dcek jembatan n jalan yg putus didaerah selomanik kalibawang sapuran wonosobo itu udh tahun terputus krn longsor mohon dcek pak maaf n makasi sblmna ,Selesai,dinas pekerjaan umum bina marga cipta karya
pk ganjar ni jln raya purworejo wonosobo banyak yg berlubag blm diperbaiki bagai mana pk solusinya bnyak speda motor yg jatuh kena lubang trsebut tepat nya di perbatasan sapuran kepil,Selesai,dinas pekerjaan umum bina marga cipta karya
ngapunten pak saya wargane panjenengan saya joko orang kec kaliwiro kab wonosobo monggo bapak tanya dpupr dan dpupr suruh turun ke lapangan khusus nya liat jalan rusak jembatan patah mau ambruk dan jalan longsor di desa selomanik kemudian jembatan di desa sikapat cont ,Selesai,dinas pekerjaan umum bina marga cipta karya
bapak ganjar pranowo menawi tindak wonosobo monggo miyos margi selomerto dumugi kertek sampun risak awon sanget saestu mbebayani nyuwun pangapunten lan nyuwun dipun gatosaken pak maturnuwun ,Selesai,dinas pekerjaan umum bina marga cipta karya
lapor gub kinerja samsat d wonosobo banyak pungli cek fisik kendaraan yg seharusnya tdk ada biaya malah d kenai biaya rb dan saat mutasi d bagian bpkb jg d minta membayar sejumlah uang tanpa ada print out biaya yg jelas mohon di tindak lanjuti kalau polisi saja banyak pungli bagaimana rakyat bisa tenang ,Selesai,kepolisian daerah jawa tengah
jembatan utama penghubung dua kecamatan kaliwiro dan kalibawang di desa selomanik kec kaliwiro sudah hampir tahun riwayatmu kini ganjar pranowo,Selesai,dinas pekerjaan umum bina marga cipta karya
jalur atau jln dieng tepatnya ds tieng pas akhir pekan atau hari libur sering macet mohon untuk solusinya krn jln ciut perlu dilebarkan trims,Selesai,dinas pekerjaan umum bina marga cipta karya
mampir ke kaliwiro pak lihat jalan yg menuju patokan kel tanjunganom sudah rusak parah pak,Selesai,dinas pekerjaan umum bina marga cipta karya
jalan rusak sejak tahun sepanjang km jalan menuju kantor kecamatan bagi beberapa desa di antaranya desa gadingrejo rejosari ropoh kagungan,Selesai,dinas pekerjaan umum bina marga cipta karya
mohon untuk di tindak lanjuti dan bisa memberikan pemeriksaan di daerah desa gadingrejo karena ada kejanggalan di beberapa tahun ini yang katanya jalan tersebut akan segera di perbaiki kembali sebenarnya juga sudah pernah ada surve dan pengukuran untuk perbaikan namun sampai sekarng belum ada ketindak lanjutan di daerah daerah khususnya di dusun terangga sudah rapi semua jalannya namun di dusun sigaeng ini kok belum ada tindakan sama sekali padahal sudah rusak parah semoga dari pihak dpu bisa surve langsung jalannya dan juga administrasi desanya sekian dan terimakasih,Selesai,dinas pekerjaan umum bina marga cipta karya
 dpu wonosobo dpu jateng gubernur jateng mohon informasinya untuk pelebaran jalan itu tidak sosialisasi ke masyrkt ato gimana mbok yao ada omongan dg masyrakat ampun asal keruk jalur salaman wonosobo,Selesai,dinas pekerjaan umum bina marga cipta karya
pak gubernur pelayanan imunisasi calon pengantin di puskesmas kepil hanya sampai pukup wib padahal di puskesmas lain tidak demikian sangat mempersulit pasien pak ,Selesai,dinas kesehatan
maaf semoga bisa menindak lanjuti masalah ini ke kominfo soalnya teman saya sudah ada yang tertipu dan sebelum banyak orang yang terjerumus di penipuan tentang kredit hp online ini situsnya namanya mars phone linknya ini https marsphone situsbelanja com terimakasih,Selesai,kepolisian daerah jawa tengah
tadinya jalan rusak habis pelebaran selesai fungsi selokan tidak di kembalikan seperti semula padahal selokan tersebut di gunakan untuk pembuangan limbah rumah tangga sampai sekarang masih tidak berfungsi sehingga aliran air tersumbat ini masih musim panas coba sebentar lagi musim hujan mohom di tindak lanjuti terima kasih,Selesai,dinas pekerjaan umum bina marga cipta karya
proyek betonisasi jalan ngalian kalidadap tidak sesuai harapan proyek milyaran pelaksanaan abur radul akses jalan ditutup total selama bulan kasian pengguna sepeda motor tidak bisa lewat ,Selesai,dinas pekerjaan umum bina marga cipta karya
indonesia sudah lama merdeka jalan menuju kampung kami belum juga tersentuh aspal jalan kabupaten akses jalan yang sangat menyedihkan untuk aktifitas bekerja dan sekolah membuat masyarat cepoko dan sekitarnya banyak mengeluh mohon yang berwenang untuk perhatian dan tindakanya terimakasih,Selesai,dinas pekerjaan umum bina marga cipta karya
bpk gubernur tolong pak jalan raya manggis kec leksono kuripan watumalang mohon di perbaiki karna sudah berpuluh puluh tahun tak pernah di perbaiki padahal termasuk jalan utama untuk perputaran ekonomi di kecamatan ,Selesai,dinas pekerjaan umum bina marga cipta karya
bpk gubernur ini jln dieng tepatnya km mohon dilebarkan sering sekali buat berpapasan aja gak muat krn truk truk besar lebar dah banyak lewat jalur dieng ,Selesai,dinas pekerjaan umum bina marga cipta karya
terindikasi kuat dikorupsi talut senderan jalan tidak semua dikerjakan sesangakan pelebaran jalan sdh mengorbankan beberapa fasilitas umum pangkalan ojek di robohkan pemandian umum wc umum di kampung jg sdh di hancurkan yg lbh parah lagi pengerjaan jalan juga di kurangi panjang jalanya yg awal di tunjukan ke masayrakat dari titik nol pengerjaan kurang lebih masih mtr pengerjaan jalan rapat beton mohon dilakukan sidak pak ganjar terima kasih,Selesai,dinas pekerjaan umum bina marga cipta karya
assalamu alaikum wr wb pak gubernur bapak ganjar pranowo saya sardi asli dr dsn kalisat rt desa trimulyo kec wadaslintang kab wonosobo dan saya pingin bpk ganjar pranowo meninjau langsung proyek pengecoran jalan yg katanya di bangun dengan nominal uang miliar lebih apakah sudah sesuai dengan anggaran perjanjian kontrak tersebut apa belum karena ada warga yang merasa proyek tersebut tidak maksimal tidak sampai dengan ukuran yang di sepakati untuk panjang luas jalan tersebut letak jln tersebut adalah di jln wadaslintang lancar yang meliputi pembangunan dr dusun kalisat desa trimulyo sampai dengan desa lancar tepat di dusun mananya kurang paham karena saya berada di perantahuan pak ganjar pranowo sekian terimakasih mudah an bapak ganjar pranowo segera merespon keluhan warga dusun kalisat desa trimulyo sekitarnya trimakasih wasalamu alaikum wr wb,Selesai,dinas pekerjaan umum bina marga cipta karya
perempatan kretek wonosobo macet terus pak ganjar pranowo ada pos polisi tapi g ada yg jaga mohon solusinya,Selesai,kepolisian daerah jawa tengah
assalamualaikum lapor pak gubernur di wonosobo masih banyak polisi polisi yang melakukan pungli biasanya terjadi di lampu merah plaza wonosobo biasanya polisi akan keluar dari kantor ketika ada pengguna sepeda motor yang melanggar aturan lalulintas kemudian si pengguna sepeda motor akan di bawa masuk ke kantor disitu polisi melakukan penilangan terhadap pengendara motor tersebut kemudian polisi biasanya suka menaku nakuti pelanggar dengan biaya tilangan yang amat besar setelah pelanggar merasa takut polisi biasanya menawarkan pungli atau bahasa gaulnya damai kalauu kata pak polisinya si biasaya bilang gini aja mas mas nya saya bantuin yah masnya bayar langsung ke saya segini segini nanti mas nya bisa langsung pulang aman coba dong sekali kali grebek diam diam aksi para polisi melakukan pungli dan diabadikan langsung dengan video untuk pelajaran para polisi polisi yang melakukan pungli,Selesai,kepolisian daerah jawa tengah
selamat sore pak bu mohon dipantau jalan kami pak di desa kaligowong kecamatan wadaslintang kab wonosobo jalannya rusak parah setahu saya pembangunan sekitar th yg lali kmren sempet warga iuran untuk membeli bongkahan batu untuk menutupi lobang tapi karna saking parahnya jadi kurang maksimal mohon bantuanya pak bu dulu pernah bertanya kpd kades jawabnya karena jalan itu sudah jadi jalan kabupaten jadi ngga bisa diperbaiki pake dana desa tapi dari pemkab terkait belum pernah ada perbaikan ,Selesai,dinas pekerjaan umum bina marga cipta karya
menanyakan laporan saya terdahulu pada tgl februari mengenai bantuan guru honorer yang sedang sakit,Selesai,dinas kesehatan
 laporgub niki beberapa jalan berlubang jln raya kutoarjo wonosobo,Selesai,dinas pekerjaan umum bina marga cipta karya
pak ganjarpranowo ijin melaporkan jl raya parakan wonosobo km banyak yang berlubang ,Selesai,dinas pekerjaan umum bina marga cipta karya
jalan kepil bruno yg telah masuk kategori jalan propinsi amblas pada tgl sedalam kurang lebih cm,Selesai,dinas pekerjaan umum bina marga cipta karya
pak gubernur jalan kepil bruno yg termasuk jalan propinsi pada km amblas sedalam kurang lebih cm,Selesai,dinas pekerjaan umum bina marga cipta karya
assalamu alaikum pak gubernur ganjarpranowo lapor pak jalan yang menghubungkan kecamatan kepil wonosobo dengan kutoarjo purworejo via kecamatan bruno mengalami retakan yang serius ini adalah jalan provinsi pak matur nuwun semoga segera ditindaklanjuti,Selesai,dinas pekerjaan umum bina marga cipta karya
tambh lg pak ganjar tiap kabupaten di siapkn rumh sakit kasiahn jg yg menengah kebawh contoh ny pak saya warga wonosobo hrs ke purwokerto trsftsi jg mahal pak kasian rakyat kecil pak,Selesai,dinas kesehatan
selamat sore pak di sini saya mau menyampaikan keluhan saya mengenai keterbatasan sarana dan prasarana kesehatan di wonosobo terutama yang saya tau di rsud krt setjonegoro ibu saya seorang perawat di rsu krt setjonegoro beliau bertugas di bangsal penyakit dalam sejak kemarin beliau bilang ke saya kalau beliau merasa hidup dalam ketakutan sejak merebaknya wabah corona sore ini beliau menangis katanya beliau sangat ketakutan sebab perlengkapan hygiene di tempat beliau bekerja sangat tidak memadai masker n tidak tersedia pakaian pelindungnya terbuat dari bahan yang sangat tipis dan dirasa kurang layak untuk melindungi diri pegawai laboratorium yang tidak mau mengambil sampel darah pasien dll di rsud krt setjonegoro saat ini sudah ada odp dan orang yang menunjukkan gejala lanjutan covid saya pun menyarankan ibu saya untuk melakukan tes untuk berjaga jaga namun ternyata akses untuk melakukan tes dirasa masih sangat susah dan terbatas ternyata memang akses untuk mengirimkan sampel dari wonosobo ke pusat masih sangat susah karena tidak ada kurir yang mau mengirimkan sampel tersebut orang orang di sini terutama para tenaga medis sungguh bingung dan khawatir pak ,Selesai,dinas kesehatan
pak ganjar ngarep umahku jl perbatasan temanggung wonosobo mben udan banyune mboten teng jalen ning teng dalan sekedar info mawon pak mbok menawi ngenjang enten pengerjaan drainase maturnuwun ,Selesai,dinas pekerjaan umum bina marga cipta karya
saya terkena penipuan yaitu pencemaran nama baik ada seorang oknum yg tidak bertanggung jawab atas kelakuan nya yaitu menyebarkan video aib saya jika saya tidak memberikan nya uang dan sekarang video nya sudah di sebar ke teman saya saya mohon bantuannya agar semua masalah ini selesai karena saya korban dan sudah ada banyak korbannya,Selesai,kepolisian daerah jawa tengah
pak bagaimana caranya mendaftar pirt wonosobo ,Selesai,dinas kesehatan
mohon maaf ada salah satu teman saya dia orang wonodadi plantungan kendal baru pulang dari semarang dan mengalami gejala seperti gejala virus covid dia sudah lapor ke puskesmas desa semakin hari kondisinya semakin memburuk tapi dari puskesmas desa tidak mau memberi surat rujukan untuk ke rumah sakit agar di tangani lebih lanjut dia sudah berusaha datang ke salah satu rumah sakit tapi di tolak alasanya karena tidak ada surat rujukan dari puskesmas desa dan sekarang adiknya pun mengalami gejala tersebut saya sebagai teman merasa kasihan dengan kondisi tersebut tolong pak agar teman saya bisa mendapatkan penanganan lebih lanjut terima kasih,Selesai,dinas kesehatan
assalamualaikum pak gubernur saya mau menanyakan tentang memutuskan mata rantai virus covid pemerintah di desa saya memutuskan memportal semua akses masuk ke dusun dan di sisakan yg tidak di tutup untuk akses masuk ke dusun dan di situ di jaga dengan sistem bergantian dan bisa di katakan semua warga di dusun kami mendapat kan jatah jaga akses jalan masuk tersebut apakah kira tidak bahaya bagi semua warga di dusun kami apa bila ada yg terpapar virus ,Selesai,dinas kesehatan
inj kenapa ada ketidak cocokan data di kota wonosobo di situs web corona wonosobokab go id jumlah positif ada di situs jatengprov go id cuma mohon dicocokan lagi datanya mana yg benar dan mana yg kurang benar terima kasih,Selesai,dinas kesehatan
mohon di bantuannya pak gub apd di puskesmas kalikajar,Selesai,dinas kesehatan
assalamualaikum pak bu saya ingin menanyakan perihal perjalanan dari luar negri tanggal mei apakah akan terkena denda atau ada instruksi khusus agar kami bisa pulang sebelum pulang kami telah nelakukan cek kesehatan rutin trimakasih,Selesai,dinas kesehatan
asalamualaikum pak ganjar terkait larangan mudik ini di facebook kok ada sj yang psang iklan trevel yang beroprasi setisp hari dari jakarta ke wonosobo dan mereka meyakinkan para penumpangnya bahwa mereka tidak pernah putar balik kalau seperti ini terus kapan jawa tengah khususnya wonosobo terhindar dari covid mohon ditindaklanjuti pak kami warga wonosobo resah dengan adanya trevel seperti itu ,Selesai,kepolisian daerah jawa tengah
selamat malam pak saya relawan covid didesa madulio ngadimulyo selomerto wonosobo saat ini wonosobo semakin bertambah kasus positif jumlah di desa sy sngat terbatas perlengkapan ataupun handsanitezer ketika sy tanyakan ke perangkat desa dana blm turun akhirnya saat ini hanya sabun detol yg kita gunakan mohon petunjuk demi kebaikan bersama jawa tengah sehat,Selesai,dinas kesehatan
assalamualaikum selamat malam bapak ganjar saya mau mengadu sekaligus melapor saya tinggal di wonosobo tepatnya di jaraksari laporan saya mengenai virus covid di wonosobo saya minta tolong sama bapak di wonosobo kususnya diberi peraturan yg sangat tegas jngn cuma tegas mengenai kasus covid di wonosobo lockdown semua swalayan dan toko di wonosobo beri sanksi tegas bagi pelanggar semakin hari penderita covid semakin bertambah swalayn toko besar semakin ramai jika tidak ada tindakan khusus kasus covid di wonosobo akan semakin meningkat terimaksih,Selesai,kepolisian daerah jawa tengah
desa kami kebetulan perbatasan antara kabupaten wonosobo dengan banjarnegara di situ ada pos keamanan covid yang jaga rata ada orang tapi gak tau ngapain alat cek suhu saja tidak ada pak dari dua bulan didirikan penyemprotan roda hanya dilakukan sekali bagi bagi maskerpun tidak pernah memberhentikan pengemudi tanpa masker pun tidak ,Selesai,dinas kesehatan
d wonosobo setiap orang yg mau keluar kota harus cek kesehatan n harus membayar sampai ribu belum yg lain dan menurut laporan yg sudah melakukan tes cuma cek suhu badan n d kasih surat saja tanpa rapid tes apakah d benarkan atau memang aturannya seperti itu karna setau saya cuma yg rapid tes mandiri yg bayar ,Selesai,dinas kesehatan
mohon maaf pak saya candra pasien corona yang reaktif dan sdh melakukan swab x satu positif satu negatif rapid test diadakan di dinkes wonosobo sabtu mei dan swab diadakan minggu mei di puskesmas sidojoyo wonosobo nah waktu itu hari lebaran jumat mei saya memang sudah libur membuka toko lalu setelah mengetahui saya reaktif saya isolasi mandiri di rumah lalu dikabari hari selasa juni saya harus diisolasi di rsud setjonegoro sewaktu rapid test di dinkes bapak sekda dan dokter yang ada di dinkes sudah konfirmasi tidak akan memberitahukan kepada masyarakat idnetitas saya ataupun alamat ataupun toko saya tapi ternyata ada surat yang menyatakan bahwa owner atau karyawan di toko saya terkena corona pada kamis juni saya baca di instagram dinkes jateng protokol covid bahwa identitas pasien tidak boleh diberitahukan kenapa pak sekda begitu jahatnya membunuh nama saya dan toko saya tolong bantu saya pak saya di rumah sakit juga makan tidur doang padahal saya sehat hat tidak ada gejala tanda tanda corona tidak demam tidak batuk tidak sakit sma sekali tolong pak bantu saya trima kasih ,Selesai,dinas kesehatan
jalan rusak parah di jalan utama jl kabupaten penghubung desa kaligowong wonosobo dengan desa pecekelan kabupaten kebumen mohon ditindaklanjuti pak sangat ingin jalan yang layak sudah hampir th lebih jalan rusak parah banget ,Selesai,dinas pekerjaan umum bina marga cipta karya
pk mau tanya klo rapid test di puskesmas boleh gak klo mau buat prgi krj terima kasih ,Selesai,dinas kesehatan
jadi begini pak saya sekolah di pesantren islam al irsyad kita tahu bahwa kondisi jateng belom gayeng semenjak kehadiran corona namun pihak pesantren menginginkan kami kembali ke pesantren di awal juli mengingat kondisi jateng yang belum stabil dan banyaknya santri yang berasal dari luar jateng dan luar negeri maka saya meminta kepada bapak untuk mengevaluasi pesantren tersebut sekian dan terimakasih ,Selesai,dinas kesehatan
jadi begini pak saya santri pesantren islam al irsyad di tengaran kab semarang semenjak kehadiran corona jateng belum gayeng sampai sekarang ditengah gemerlap pandemi pesantren islam al irsyad ingin memulai tahun pelajaran baru di pertengahan juli dengan langsung datang ke pesantren alias non pjj mengingat kondisi jateng dan banyaknya santri yang datang dari luar jateng bahkan luar negeri saya meminta bapak untuk mengevaluasi pesantren tersebut sekian dan terimakasih ,Selesai,dinas kesehatan
pak kepareng matur mbok tulung pikiraken dalan wonosobo watumalang dalan kecamatan rekoso kok puluhan taun nganti pengen pindah provinsi sayang mboten saget,Selesai,dinas pekerjaan umum bina marga cipta karya
bpk ganjar pranowo gubernur jawa tengah yang terhormat maaf ini mau menanyakan untuk pasien covid berapa paling lama si pasien bisa sembuh terimakasih,Selesai,dinas kesehatan
saudara saya sakit karena kecelakaan tunggal dirawat dirumah sakit untuk menggunakan bpjs pihak rumah sakit menganjurkan untuk meminta surat keterangan kecelakaan lalu lintas dan dari pihak satlantas purworejo jawa tengah meminta biaya juta dan setelah di nego ahirnya membayar jt untuk mendapat kan surat keterangan kecelakaan yg jadi pertanyaan saya uang sebesar itu untuk apa ,Selesai,kepolisian daerah jawa tengah
pak saya seorang petugas swab dan juga magang dipuskesmas bertahun saya hanya digaji rb perbulan saat pandemi ketika senior kami dapat intensif kami tidak pernah mendapat apa jangankan intensif thrpun kami tidak dapat tolong kebijakannya pak untuk nakes seperti kami yg ada digarda terdepan melawan covid kami tiap hari sesak pengap memakai apd bertemu langsung dengan pasien covid bertaruh nyawa tapi tidak tersentuh bantuan apapun saya mohon pak kebijakannya pak naikan status magang jadi pegawai blud atau paling tidak ada intensif atau apapun itu untuk kami yang ada digarda terdepan melawan covid terimakasih pak semoga ditanggapi ,Selesai,dinas kesehatan
asalamulikum pak sya baru saja kena peras oleh karyawan indihome karna indihome juga msuk golong negara saya suruh byar rb untuk mnampilkan nama wifi seamles wifi id sedangkan kmren hari rabu msih muncul nama wifi seamles nya trus kmren kta mas indihome suruh byar dan entr saya bantu lwat jalur blakang aku disuruh jngan bilang siapa mungkin sering orang itu memeras rakyat orang mgelang yg memeras sya bukti perckapanya ada intinya aku di peras untuk membayar klau tidak membayar entr nama wifi seamles mau di matiin lagi pdhal nma wifi seamles itu bisa untuk rakyat tolong pak di pecat orang yg suka memeras rakyat trimakasih foto bukti msih byak itu cuma buat conoh aja ,Selesai,kepolisian daerah jawa tengah
saya mau verifikasi atas laporan saya pada hari sabtu tgl kepada gub jateng atas semua laporan saya mengenai semua biaya pengurusan surat keterangan kecelakaan di sat lantas purworejo bahwasanya terjadi kesalahpahaman antara saya dengan pihak sat lantas polres purworejo saya pribadi minta maaf yg sedalam dalamnya atas kesalahpahaman masalah tersebut dan saya mengucapakan banyak terimakasih atas bantuannya selama ini kepada saudara saya ,Selesai,kepolisian daerah jawa tengah
mengenai laporan saya pada tgl september tentang masalah biaya dan uang uang tersebut saya mau mengklarifikasi telah terjadi kesalah pahaman karena saya tidak datang langsung ke kantor sat lantas purworejo sekali lagi saya beribu ribu minta maaf yang sedalam dalamnya kepada sat lantas purworejo atas kesalah pahaman ini karena saya tidak mengalami sendiri dan tidak tau kejadiannya terima kasih,Selesai,kepolisian daerah jawa tengah
mau tanya cara claim santunan korban meninggal akibat covid bagaiaman dan dimana,Selesai,dinas kesehatan
setiap orang yang sakit masuk rumah sakit tolong dilayanin dengan baik jangan sampai kalo tidak menandatanganin perjanjian covid terus di telatarkan bikin masyarakat takut kerumah sakit kalo harus menandatangani perjanjian covid harusny perjanjian di buat setelah hasih swab keluar ,Selesai,dinas kesehatan
assalamualaikum pak gub mau tanya apakah data covid di website corona jatengprov go id sama corono wonosobokab go id itu memang berbeda ya datanya saya liat data di corona jatengprov go id untuk wonosobo jumlah kasus tdk sampai an sedangkan website kabupaten yaitu di corona wonosobokab go id sampai an lebih mohon penjelasaanya bila perlu mohon di lakukan sidak ke beberapa rumah sakit terima kasih ,Selesai,dinas kesehatan
jalan provinsi yg menghuhungkan parakan wonosobo yg sudah bulan macet km setiap sore hari karena jembatan rusak tidak ada perbaikan coba dikunjungi pak ganjar pranowo,Selesai,dinas pekerjaan umum bina marga cipta karya
tolong bantu klarifikasi masalah covid di desa saya tentang orang yang di ambil untuk karantina mohon penjelasanya padahal mereka cuma orang yang tadinya menungui pasien sakit ,Selesai,dinas kesehatan
 aduan urgent terkait covid selamat pagi pak saya kan melaporkn kasus yg terjadi di rw saya ada seorang paaien covid tetapi pihak puskesmas tidak ada penanganan apapun membiarkn dan membuat isu di kmpung intinya utk tidak mendekati pasien tnpa mmberikan solusi atau bantuan pada pasien hingga semua wrga menjauihinya mnghindarinya tidak ada yg mu dimintai tolong kecuali ayah saya krna memng ada ikatn sodara sebelum haail lab kluar pasien udh kontak dg warga kmpung dg berkali dtg ke acara hajatan wrga dan mreka kontak lgsg posisi dikarantina tidak ada yg pduli bhkan tetangga trdekat sungguh miris dan prihatin lihat pola pkir wrga di kmpung pak istri yg hamil tua skitpun mncari org utk mngantar ke klinik tidak ada yg bersedia hingga sipasien mngantar sndri ke puskesmas bhkan utk mmbeli kbutuhannya hrs prgi sndri bukankh hal itu justru bisa mnjadi cluster baru sya sngt prihatin mliht prlakuan wrga kmpung yg sama skli tidak ada hati nurani utk mmbantu mncukupi kbutuhan pasien shingga krantianya berhasil bgitu pula tim puskesmas tidak ada tindakn sama sekli istrinya dirwt hari di puskesmas tidak ditanggpi llu tlp pasien dan sontak pasien covid stg ke puskesmas dan marah krna penangnan medis sngat kurang apalgi satgas covid yg sama skli tidak ada tnggung jwb utk mncari solusi dr hal ini mlh cuek mnurut say wjar jika dia mrah krn knytaan tim medis tdk ada berbuat apapun utk hal ini hnya mnyebarkan isu utk mnjauhi pasien ktika dia mrah di puskesmas koramil polsek dan camat sampi datang shingga istri dirujuk ke kabupaten wonosobo sangat miris pk lihat keadaan dikmpung hawa ketakutan wrga tnpa solusi pasien dicuekin tnpa ditolong apapun shrusnya pmrintah setempat bisa ikut andil mmbntu menyelesaikan mslh srta tim satgas bekerja sesuai jobnya ini terkesan smua pmikirannya pendek bapak gubernur mohon solusi dri hal ini trus trang saya adalah sodra pasien saya saat ini bekerja di kalbar sebagai guru tetap yayasan di perkebunan sawit hnya bpk saya yg mau mmbntu nya bgimna solusinya pak knpa rasany hal ini brtentangan skli dg hati nurani kita sebagai mnusia bapak gub yg terhormat mohon ada feedback dr laporn ini saya hnya brusha utk mmberikan yg trbaik sbagai klurganya yg posisinya saat ini jauh bpk saya bingung pak dikmpung saya mohon bantuannya kpda bapak mnurut saya ini sangat urgent karena trkait dengan covid mohon maaf apabila ada yg trsinggung atau kata saya melukai prasaan pembaca ini semata krna saya bingung hrs bgmna mmbntu hal ini dan mncari solusi ,Selesai,dinas kesehatan
pak ganjar pranowo semogo selalu di beri kesehatan dan keberkahan dalam memimpin jawa tengah bpk saya usul ttng perbaikan perbaikan jalan dari wonosobo arah purworejo pak kondisi saat ini jln banyak yang rusak tambal sana sini pda saat hujan bolong lagi itu keluhan saya mungkin bpk berkenan lewat jln wsbo pwrjo cek langsung kelokasi pak saya wrg wonosobo kertek semoga masukan ini bisa mewakili warga wonosobo pak maturnuwun sanget pak sudah mau membaca usul saya,Selesai,dinas pekerjaan umum bina marga cipta karya
lapor pak gubernur tolong pak kami warga wonosobo khususnya daerah bugangan sangat prihatin warga disini sangat sangat tidak patuh protokol kesehatan banyak yang berpergian tanpa masker masih berkerumun dan masih tetap mengadakan acara kumpul kumpul tolong perhatianya pak untuk menurunkan satgas covid melakukan patroli ataupun cek secara acak kepada warga yang melanggar protokol terimakasih,Selesai,kepolisian daerah jawa tengah
jalan menuju dieng banyak berlubang dan ditambal cuma pakai aspal yang kurang bagus,Selesai,dinas pekerjaan umum bina marga cipta karya
alamat kabupaten wonosobo kecamatan kepil kelurahan kepil laporan jalan wonosobo sampai perbatasan purworejo banyak yg berlubang,Selesai,dinas pekerjaan umum bina marga cipta karya
screening vaksin di dsn diwek desa kaliputih bayar pak legal tidak ya seperti itu karena ditempat lain gratis terimakasih ,Selesai,dinas kesehatan
jln wonosobo rusak parah lokasi jln wonosobo menuju purworejo tepatnya mulai dri sapuran sampai kepil jln the rusak parah semua berlubang bisa mengakibatkn kemalangan,Selesai,dinas pekerjaan umum bina marga cipta karya
jalan utama khususnya wonosobo purworejo rusak parah contohnya dari kalikajar sampai dengan pom bensin kedalon sudah beberapa minggu belum juga ada perbaikan padahal sebelumnya ada semboyan dalan alus rejeki mulus kalau misal cuma di tambal aja saya rasa akan rusak rusak dan rusak lagi saya sebagau pengguna jalan meminta maaf yang sebesar besarnya kalau ada tutur kata saya yang kurang berkenan tapi saya mewakili semua orang yang mungkin juga merasakan apa yang saya rasakan meminta agar di beritahukan ke pemerintah wonosobo untuk dilakukan perbaikan jalan terimakasih,Selesai,dinas pekerjaan umum bina marga cipta karya
kabar dari bapak kepala desa bahwasanya dalam program pemerintah yaitu bantuan pangan non tunai bpnt kami selaku dari para agen e warung sangat merasa keberatan apabila dari pihak polres wonosobo meminta jatah uang senilai juta per agen per tahun kepada agen e warung sekecamatan watumalang ,Selesai,kepolisian daerah jawa tengah
izin melapor bapak saya sopir sayur arah relokasi pasar johar pak mohon izin melapor direlokasi oasar sayur johar sering terjadi pemalakan terhadap para sopir sayur yg bawa kentang dan kol kobis pemalakan tersebut dilakukan oleh seseorang yg namanya sastro aksi dari sastro tersebut membuat para sopir risau karna uang yg diminta lebih dari hasil sopir pak bahkan ada yg diminta dgn nominal jutaan dengan dalih keamanan mohon kepada bapak ganjar untuk segera menindak pak besar harapan kami sebagai sopir agar pemalakan tersebut segera berakhir karna sudah terjadi lebih dr tahun terimakasih y bapak masyarakat semoga bappak selalu diberi kelimpahan rezeki kesehatan serta kekuatan dr allah swt,Selesai,kepolisian daerah jawa tengah
selamat pagi mau tanya apakah proses balik nama bpkb harus ke polda apa bisa di polres terima kasih,Selesai,kepolisian daerah jawa tengah
pak saya mohon kebijakan terkait dengan kebijakan perpanjangan pajak kendaraan saat ini kendaraan saya telat namun saya belum mempunyai dana untuk bayar pajaknya tapi sama satlantas kendaraan saya satu ya mau ditahan tolong bantuan kebijaksanaanya saya bakal bayar tentunya setelah ada uang,Selesai,kepolisian daerah jawa tengah
assalamungalaikum pak ganjarr izin pak saudara saya tinggal di wonosobo jawa tengah daerah jetis kaliwiro kabupaten wonosobo mempunyai tanggungan ke rentenir pak yang awalnya pinjam juta menjadi juta dalam tempo bulan pak dan pada besok tgl jika tidak membayar akan disegel rumahnya pak jadi bagaimana pak untuk menangani permasalahan para rentenir yang masih marak di wonosbo dan adanya aksi premanisme pak ijin bapak dijawab secepatnya pak saya butuh bantuan dari bapak,Selesai,kepolisian daerah jawa tengah
assalamualaikum pak saya hanya mt bantuan vaksin pak kl ga dpt vaksin pertama saya ga bs kerja pak karena buat persyaratan d perusahaan saya bekerja saya sdh mencari sampai k polres wsb dan banjar negara tdk ada pak mohon bantuannya kasian anak istri kl saya blm bs brkt kerja pak ,Selesai,dinas kesehatan
alamat kabupaten kota jakarta selatan kecamatan tebet kelurahan menteng dalam laporan asslamuallaikum pak ganjar perkenalkan nama saya vioranda raditya herkaputra ijin pak saya habis menonton cuplikan bapak terkait x jam akan ada respon apabila terjadi ketidakadilan pak ijin pak mobil saya dibawa lari oleh warga bapak di wonosobo atas nama anang sugiarto yang merupakan adik dari kepala desa sapuran wonosobo sejak tahun lalu saya mencoba melapor ke polres wonosobo tetapi tidak ada respon pak sudah beberapa kali bolak balik polres tapi terkesan tidak ada hasil sehingga di tahun saya melapor ke polda jateng dan ditanggapi pak dan diterima namun sampai saat ini blm ada tindak lanjut lagi sudah berjalan bulan dan saya akhirnya tau bahwa pelaku merupakan sindikat jual beli mobil bodong pak skali lagi mohon maaf pak ini adalah proses ikhtiar saya saya sudah mempersiapkan utk memviralkan ini karena korban sudah puluhan ada yg sudah dipenjara ibu ibu di semarang karena kena hukum fidusia kalau saya alhamdulillah bisa mengbil bpkb pak mohon ditindaklanjuti pak tolong kami saya bisa menjelaskan secara detail pak mohon maaf apabila ada kata yg kurang tepat karena kelemaham dr wa pak matur suwun ,Selesai,kepolisian daerah jawa tengah
alamat kabupaten kota jakarta selatan kecamatan tebet kelurahan menteng dalam laporan asslamuallaikum pak ganjar perkenalkan nama saya vioranda raditya herkaputra ijin pak saya habis menonton cuplikan bapak terkait x jam akan ada respon apabila terjadi ketidakadilan pak ijin pak mobil saya dibawa lari oleh warga bapak di wonosobo atas nama anang sugiarto yang merupakan adik dari kepala desa sapuran wonosobo sejak tahun lalu saya mencoba melapor ke polres wonosobo tetapi tidak ada respon pak sudah beberapa kali bolak balik polres tapi terkesan tidak ada hasil sehingga di tahun saya melapor ke polda jateng dan ditanggapi pak dan diterima namun sampai saat ini blm ada tindak lanjut lagi sudah berjalan bulan dan saya akhirnya tau bahwa pelaku merupakan sindikat jual beli mobil bodong pak skali lagi mohon maaf pak ini adalah proses ikhtiar saya saya sudah mempersiapkan utk memviralkan ini karena korban sudah puluhan ada yg sudah dipenjara ibu ibu di semarang karena kena hukum fidusia kalau saya alhamdulillah bisa mengbil bpkb pak mohon ditindaklanjuti pak tolong kami saya bisa menjelaskan secara detail pak mohon maaf apabila ada kata yg kurang tepat karena kelemaham dr wa pak matur suwun ,Selesai,kepolisian daerah jawa tengah
mohon bantuan dari pak ganjar untuk anak saya korban pencabulan mohon perlindungan untuk anak saya krungsug rt rw desa burat kecamatan kepil kab wonosobo,Selesai,kepolisian daerah jawa tengah
alamat kabupaten kota wonosobo kecamatan kertek kelurahan purbosono laporan kepada bapak ganjar maaf saya mau tanya untuk pembuatan skck di polsek kertek wonosobo dipungut biaya atau tidak ya soalnya hari selasa tgl oktober saya membuat skck di polsek kertek wonosobo di pungut biaya sebesar rp ,Selesai,kepolisian daerah jawa tengah
min saya mau komplen jalan wonosobo purworejo kapan di betulinya katanya pas itu nunggu pelelangan sampai akhir april tapi kok belom terlaksana sampe sekarang jalan rusak parah apalagi saat ini hujan saya jualan telur nganter ke kertek dari arah purworejo mohon min di baca dan ditindak lanjuti terimakasih siap min mohon ditindak lanjuti min tepatnya di jalan kepil sapuran rusak parah kayak kali asat,Selesai,dinas pekerjaan umum bina marga cipta karya
pak mohon pak brantar canel yotube yg isi nya konten perjudian karena sekarang lagi rame nya judi slot sudah banyak banget korban dari judi slot mohon di brantas pak,Selesai,kepolisian daerah jawa tengah
alamat kabupaten kota kab semarang kecamatan ungaranbarat kelurahan lerep laporan sore pak saya berniat urus mutasi mobil dr wonosobo ke kabupaten semarang niat hati ingin urus tanpa calo ingin tau rasanya setelah baca online untuk syarat dan info info biaya dan syarat yakinlah saya berangkat jauh jauh ke wonosobo ternyata tidak sesuai kenyataan karena ternyata sampai sana justru bukan calo yg saya temui tapi oknum polisi jadi calo dengan langsung menawarkan total biaya yg saya bilang luar biasa mahal untuk cabut berkas saya dikenakan biaya jt padahal seharusnya kalo liat syarat rb plus plus dikit akhirnya saya tidak mau dan nekat urus semua sendiri pada akhirnya polisinya mungkin kagol dan saya tetap harus membayar saya minta bukti validasi gak dikasih saya tanya itu biaya apa gak dijawab hanya ada kwitansi dr bank bni sisanya bhay ntah itu uang siluman atau apa yang saya sesalkan ternyata niat baik customer mau urus sendiri tanpa calo ternyata masih ada oknum nakal padhal hnya cabut berkas dan saya tidak ada tunggakan atau telat bayar dan saya lihat yang lain juga tdk diberi kwitansi saay pembayaran tapi kebnykan org wonosobo bnyk yg sudah sepuh jd mngkin nurut nurut aja semoga masukan saya didenger dan samsat wonosobo jadi lebih baik kasian gara gara oknum tapi kesannya jelek makasih pak ,Selesai,kepolisian daerah jawa tengah
sugeng ndalu pak ganjar saya mau lapor tentang masalah jalan rusak atau bahasa kerennya jeglongan sewu saya mau lapor jalan dari pasar kertek arah purworjo emg seperti kali asat ya pak saya yg setiap hari lewat dgn muatan berat merasa sangat prihatin dengan kondisi jalan seperti itu monggo pak nderek dicek dilapangan mawon padahal statusnya jlan provinsi,Selesai,dinas pekerjaan umum bina marga cipta karya
alamat kabupaten kota wonosobo kecamatan sapuran kelurahan sedayu laporan jalan raya atau jalur utama magelang ke wonosobo sebalik nya dan wonosobo ke purworejo sebaliknya dari pasar kertek arah ke purworejo dan magelang rusak parah sdh lebih dari tahun belum diperbaiki skrng semakin parah mohon segera di bantu kondisikan matur nuwun saya kirim video untuk jd pertimbangan,Selesai,dinas pekerjaan umum bina marga cipta karya
aslmkm pak ganjar yg terhormat pak jalan provinsi di wilayah wonosobo khususnya jalur kertek kepil sebagian alternatif kertek selomerto banyak kerusakan parah pak sangat mengganggu pengguna jalan mohon diperbaiki terimakasih smg sehat selalu dan sukses pak ganjar,Selesai,dinas pekerjaan umum bina marga cipta karya
di duga di kabupaten kebumen ada galian c tambang pasir putih yang belum berijin mohon di tindak pak kami sudah berupaya lapor ke kepolisian kemungkinan besar pihak kepolisian sudah mendapatkan atensi sehingga sampai detik ini masih berjala sedanng produksi hari ini juga mohon kepada bpk ganjar yg terhormat segera di tindak tepatny di kabupaten kebumen kecamatan karanggayam desa selogiri dusun gintung,Selesai,kepolisian daerah jawa tengah
alamat kabupaten kota wonosobo kecamatan kepil kelurahan kepil laporan jl propinsi wonosobo purworejo rusak parah tepatnya di kepil perbaikan cuma ditambal tambal lubang yg besar aj baru hari dah lubang lagi tolong dikondisikan dinas terkait untuk pengaspalan total trimakasih,Selesai,dinas pekerjaan umum bina marga cipta karya
alamat kabupaten kota wonosobo kecamatan wonosobo kelurahan wonosobo barat laporan jalan raya wonosobo ke magelang via kertek sapuran simpang silento desa randusari jalan raya nya banyak sekali lubang bergelombang dan tidak rata sehingga kemarin ada orang yang mengendarai sepeda motor jatuh gara lubang di jalan raya mohon perhatiannya dan segera diperbaiki terima kasih ,Selesai,dinas pekerjaan umum bina marga cipta karya
bismillah selamat sore pak ganjar pak saya dani dari kabupaten wonosobo izin lapor pak jalan dari kecamatan kalikajar sapuran sampai perbatasan purworejo rusak pak ganjar mohon diperbaiki karena jalan itu merupakan jalur alternatif masyarakat menuju magelang jogja sekaligus bandara yia terima kasih pak,Selesai,dinas pekerjaan umum bina marga cipta karya
bpkb motor saya hilang mau ngurus di polres wonosobo saya tanya biayanya sekitar apakah benar ,Selesai,kepolisian daerah jawa tengah
jateng tolong wonosbo jalanna kaya kolam jalan provinsi jalan jalan aspal lain sama aja bolong bolong,Selesai,dinas pekerjaan umum bina marga cipta karya
waktu lahir fetal compromise emergency sc biru nangis sebentar sepsis meconium asfiksia berat nicu semalem celebral palsy tetraparesis spastik gdd global development delay palatoschisis efeknya feeding problem kena saverely wasted atau kurang gizi des sempat bleeding minggu post opname patent foramen ovale bocor jantung mm sekarang mm hipo fungsi otak bronchopneumonia berulang microcepaly pakai ngt dari lahir oral aversion stickler syndrome ctev hip dysplasia gerd typhoid berulang udt sunat juli corpus alienum jarum regio inguinal dextra superfisial injuries of abdomen lower back and pelvis post ekvakuasi corpal s open wound of abdominal wall fisioterapi terapa wicara sejak usia hari off ngt bolak bali thyphoid diare demam pnoumounia januari insert ngt lagi karena gizi buruk bronchitis sekarang sedang dirawat di rsab harapan kita operasi pemasangan peg atau alat bantu makan yang langsung terhubung ke lambung prosedur yang belum kami lakukan flexible endoscopic evaluation of swallowing fees mri otak disarankan untuk melakukan program whole exome sequencing ataupun whole genome sequencing dengan biaya jt kabupaten wonosobo kecamatan wonosobo kelurahan kalianget desa karangluhur mohon bantuan untuk kesehatan anak kami terima kasih,Selesai,dinas kesehatan
assalamu alaikum selamat malam saya ingin menyampaikan berita duka dan sekaligus meinta pemerintah provinsi jawa tengah mengatasi musibah yg sering terjadi di jalur tengkorak kertek parakan wonosobo karena sudah seringkali kejadian dan memakan banyak korban nyawa pak mohon untuk segera ditindak lanjuti pak sudah banyak kejadian dan korbannya pak terimakasih wassalamu alaikum jalan menurun sejauh kurang lebih km pak penghubung antara kabupaten wonosobo dan kabupaten temanggung yang sering dilewati kendaraan bermuatan besar pak yang sering terjadi laka rem blong di perempatan pasar kretek wonosobo pak kemaren baru saja laka bus pariwisata karena rem blong menabrak beberapa kendaraan dan menyebabkan korban meninggal dunia orang pak maturnuwun sudah direspon pak sudah berulangkali laka disana diakibatkan rem blong ,Selesai,dinas pekerjaan umum bina marga cipta karya
puskesmas kok jam udah tutup udah jauh jauh dari rumah jam segitu udah tutup kecamatan garung wongso,Selesai,dinas kesehatan
assalamu alaikum pak gubernur mohon izin bertanya di wonosobo penerbitan bpkb baru yaitu ribupadahal di google ribu dan posisi ruangan untuk bayar uang tersebut nyelmpit dibelakang gitu,Selesai,kepolisian daerah jawa tengah
jalur pasar kertek wonosobo perlu fly over nggak nih pak ganjar pranowo agar mengurangi angka kecelakaan karena rem blong,Selesai,dinas pekerjaan umum bina marga cipta karya
pak gun saya dan semua di kontak saya di teror oleh pinjol ilegal pak saya sudah laporan ke ojk to blm di respon kira saya harus lapor kemana lagi pak krn terornya mengandung kata yg tidak pantas di baca mohon bantuannya pak,Selesai,kepolisian daerah jawa tengah
alamat kabupaten kota wonosobo kecamatan kertek kelurahan reco laporan gorong jalan nasional di depan rumah kapan di tutup jln raya parakan wonosobo ,Selesai,dinas pekerjaan umum bina marga cipta karya
jadi gini min saya di desa reco kec kertek kan wonosobo akhir tahun kemarin ada pengerjaan saluran air sepanjang desa reco yg adalah jalan propinsi atau nasional saya kurang paham yg di bagian hulu setelah pengerjaan ditutup full tapi bagian hilir hanya di kasih blok cor per rumah termasuk rumah saya kebetulan rumah saya kan juga jadi warung makan nah masalahnya setelah pengerjaan ini selesai dan hanya di kasih blok otomatis penghasilan saya berkurang separoh lebih min karna mobil yang tadinya bisa langsung masuk ke halaman depan warung jadi susah buat parkir oia rumah saya lebar kurang lebih m dan dikasih beton cor cuma blok atau sekitar meteran padahal pas pengerjaan itu mulai saya baru selesai nge cor sekitar bulanan jadi saluran air saya cor secara mandiri jadi masih kondisi baru waktu di bongkar dan krn ini proyek pemerintah mau ga mau itu dibongkar semua tapi pas penutupan cuma di jatah blok papan cor ukuran sekian meter waktu itu sempat minta di full biar buat parkir pelanggan gampang tapi kata pemborong dijatah blok aja yang saya heran di bagian hulu di full semua saluran airnya oia depan rumah itu banyak orang jalan kaki anak sekolah orang ke sawah lewat situ jadi agak berbahaya juga kalau hujan besar oia dulu saya cor secara mandiri karna saya punya anak yang masih kecil min umur dan tahun jadi berbahaya klo ga ditutup eh ini pemerintah malah di bongkar tapi ga ditutup rapat ,Selesai,dinas pekerjaan umum bina marga cipta karya
saya di tipu modus apk pnline saya transfer uang juta ribu dari atm saya an masrani bank mandiri tujuan pelaku penipuan no hp penipu tujuantransfer saya ke bank bri an djamil saya melaporkan hal tsb adalah penipuan dikarenakan apk yg saya intal mulya cell tidak dapat di gunakan transaksi jual pulsa hasilnya tidak valid saya hubungin cs jawabannya minta transfer iang lagi trus begitu,Selesai,kepolisian daerah jawa tengah
pada bulan lalu saya mengurus bpkb untuk mutasi keluar daerah setelah semua proses di samsat wonosobo hampir selesai dan dokumen fiskal akan keluar terdapat biaya tambahan apakah prosedur untuk cabut berkas mutasi keluar di samsat wonosobo memakan waktu hingga hari dan terdapat biaya tambahan yg diperlukan karena berdasarkan pengalaman saya di samsat semarang waktu yang diperlukan hanya hari dan tanpa biaya tambahan terimakasih mohon tanggapannya,Selesai,kepolisian daerah jawa tengah
mau melaporkan kerusakan jalan profensi tepatnya di sepanjang kelurahan kepil dari ujung slatan sampai utara kerusakan sudah sangat parah gak ada perbaikan ,Selesai,dinas pekerjaan umum bina marga cipta karya
alamat kabupaten kota wonosobo kecamatan kepil kelurahan kepil laporan prihal jalan rusak jl provinsi tepat nya didesa kepil kec kepil kab wonosobo,Selesai,dinas pekerjaan umum bina marga cipta karya
jalan wonosobo purworejo tepatnya di kecamatan kepil tolong nggih pak seperti kali asat sampai bingung kalo lewat mau milih jalan yg jeglongannya gak dalem ,Selesai,dinas pekerjaan umum bina marga cipta karya
selamat pagi pak mohon bantuan untuk saya pribadi dan juga bimbingan untuk para pedagang pasar dalam partai besar sayur khususnya kentang dieng mereka pedagang pasar bernegosiasi kepada saya selaku penyuplai kentang di pasar tersebut secara lisan selama berhari hari membujuk dan meminta saya untuk segera mungkin mengirim barang berupa kentang dengan iming iming bahwasanya setelah barang sampai di tempat akan di bayar langsung sesuai perjanjian awal tetapi sesampainya di dermoleng ketanggungan brebes pada jam saya di suruh menunggu hingga s d jam untuk pembayaran setelah pukul dia pedagang pasar menelfon saya bahwa uang yang terkumpul baru ada dari jumlah yang ada di nota dia kembali meyakinkan saya bahwa setelah hari maka akan menyelesaikan sisa tersebut dengan dalih dari sekian banyak kentang yang laku hanya beberapa orang saja yang membayar langsung pada saat itu saya sudah kalah karena uang belum ada sedangkan barang hanya sedikit yang tersisa dia juga meyakinkan saya bahwa dia bersungguh sungguh untuk menjalin kerja sama dalam bidang perdagangan kentang akhirnya saya pulang ke dieng karena mobil yang saya pakai untuk mengantar barang dapat pinjam setelah tgl dia berjanji pada tgl selambat lambatnya tgl akan menyelesaikan semua pada tgl saya menelfon dia dan sampai sekarang tgl tidak pernah di angkat akhirnya saya pun menanyakan dia kepada pedagang pasar lainya dan ternyata dia sudah satu minggu tidak ada di pasar dan kejadian seperti ini sudah sering di alami oleh pedagang kentang di wilayah dieng termasuk saya hingga akhirnya demi melunasi para petani pedagang kentang dieng sampai menjual rumahnya dan hidup numpang tidak punya penghasilan dan bahkan untuk menghidupi diri dan keluarganya pun mereka bingung mohon solusinya pak agar kejadian tersebut tidak terjadi lagi khususnya di pasar wilayah jawa tengah karena jika tidak ada pengawasan di pasar maka para penipu yang berkedok pedagang akan merajalela juga semakin banyak pedagang desa yang bangkrut karena di rugikan oleh salah satu pihak terimakasih,Selesai,kepolisian daerah jawa tengah
jalan propinsi kertek purworejo min ada juta lubang coba sekali mimin dan tim gub lewat ,Selesai,dinas pekerjaan umum bina marga cipta karya
pin dipasang https maps google com q entry gps harapanya semoga tahun ini ada pengecoran njih pak ganjar agar aman dan nyaman matursuwun ,Selesai,dinas pekerjaan umum bina marga cipta karya
pak gub mau laporan jalan menuju dieng dari desa rowojali sampai parikesit kecamatan kejajar rusak banyak lobang kiranya sebisa mungkin segera diperbaiki ya pak karna jalur wisata juga dan sering ada yang jatuh seperti video diatas karena melewati lobang atau karena kendaraan didepannya menghindari lobang dadakan teria kasih atas perhatiaanya,Selesai,dinas pekerjaan umum bina marga cipta karya
alamat kabupaten kota wonosobo kecamatan kertek kelurahan karangluhur laporan pak ganjar tolong jalan kertek kepil diperbaiki pak sudah semakin parah lagi pak kecelakaan sering terjadi akibaat jalan rusak pak sudah ada plang peringatan jalan rusak karena curah hujan tinggi padahal klo yang sudah diperbaiki itu walaupun hujannya deres ya masih aman aman saja pak tolonglah kami kaum buruh pejuang wira wiri setiap hari ya allah tolong pak tolong pak tolong pak,Selesai,dinas pekerjaan umum bina marga cipta karya
alamat kabupaten kota jawa tengah wonosobo kecamatan kertek kelurahan kertek laporan jalan wonosobo purworejo tepatnya kalikajar sapuran jalanya berlubang parah banyak korban yg jatuh,Selesai,dinas pekerjaan umum bina marga cipta karya
alamat kabupaten kota kabupaten wonosobo kecamatan kecamatan wadaslintang kelurahan kelurahan besuki laporan keluhan mohon untuk di benahi jalan yang menghububungkan kec kaliwiro dan kec wadaslintang yang kondisinya sudah cukup parah berlubang hampir di semua titik dan terjadi sudah cukup lama,Selesai,dinas pekerjaan umum bina marga cipta karya
alamat kabupaten kota wonosobo kecamatan kepil kelurahan warangan laporan assalamualaikum warahmatullahi wabarokatuh selamat siang pak mohon maaf izin memperkenalkan diri saya fatikhatul mardiyah warga dusun satriyan desa warangan kecamatan kepil kabupaten wonosobo ingin mengajukan permohonan perbaikan jalan yang menghubungkan wonosobo magelang via kaliangkrik jalan tersebut rusak parah beberapa jalan bahkan belum pernah diaspal masih bebatuan kondisi sangat membahayakan terutama saat hujan karena bebatuan hanyut dan banyak lumpur sehingga licin selain itu di samping jalan terdapat sungai yang sedikit curam dari sisi jalan dan sebelah lagi ladang milik warga mohon bantuan untuk perbaikan jalan terima kasih ,Selesai,dinas pekerjaan umum bina marga cipta karya
saya beli kendaraan listrik uwinfly t off the road tanggal januari rencana ingin urus sendiri berkas stnk bpkb ketika saya ke samsat ingin urus stck sambil menunggu faktur terbit ternyata tidak bisa katanya harus ada faktur srut sut dll padahal setahu saya stck sebagai dokumen pengganti sementara tgl februari faktur terbit tanggal februari saya coba urus ke samsat gesek nomor rangka tanpa biaya lanjut urus bpkb karena sudah siang disarankan februari datang lagi dan petugas sempat bilang biayanya k hari ini februari saya datang ke satlantas saya tanyakan biaya k rinciannya apa saja petugas tidak bisa mendeskripisikan saya kira sudah all in sama biaya stck stnk ternyata hanya biaya bpkb padahal sudah jelas pnbp r baru itu k saya adu argumen dengan kanit bpkb disana akhirnya beliau menyerah dan biaya tetap k lanjut ke samsat masukkan berkas ke loket disuruh ke bagian stck katanya biaya k saya tanyakan itu biaya apa katanya biaya stck biaya pemberkasan setahu saya hanya bayar stck k apakah benar ada biaya pemberkasan pak hari ini belum saya selesaikan untuk berkas stck rencana besok sabtu feb saya akan bayar sesuai arahan petugas yaitu k include biaya pemberkasan dan biaya stnk yg sudah ada rinciannya dengan tulis tangan di berkas senilai k yang mana setahu saya ini nominal wajar di jawa tengah ,Selesai,kepolisian daerah jawa tengah
pak ganjar pranowo laporgub jtg tolong bikin juga jalan lingkar buat mengalihkan kendaraan dari arah semarang menuju purwokerto atau sebaliknya di kretek wonosobo untuk menghindari kendaraan besar agar tidak melewati turunan atau perempatan pasar kretek karena sering banget terjadi kecelakaan yg di sebabkan karena rem blong ,Selesai,dinas pekerjaan umum bina marga cipta karya
assamu alaikum pak gubernur ganjar pranowo yg terhormat pak ijin bertanya kenapa biaya perpanjang sim c di kab wonosobo adalah sebesar rp ya padahal tarif perpanjangan sim sudah tertera pada peraturan pemerintah nomor tahun yaitu untuk sim c atau pengguna sepeda motor akan dikenakan biaya rp ditambahan cek kesehatan sebesar rp dan asuransi rp jika dihitung keseluruhan biaya total rp untuk perpanjangan sim c mohon dijawab dan ditindak lanjuti terimakasih ,Selesai,kepolisian daerah jawa tengah
assalamualaikum wr wb saya warga pati jawa tengah dan sekarang domisili di wonosobo mohon info jika kehilangan sim di wonosobo apakah hrus mengurus sesuai alamat atau bisa di urus di wonosobo dan persyaratannya apa saja trimakasih,Selesai,kepolisian daerah jawa tengah
jalan rusak parah di kepil dan kalijajar wonosobo entah kenapa setiap saya pulang kampung jogja purbalingga dlm kurun waktu tahun ini lewat kedua jalur tsb pasti selalu rusak parah seperti tidak ada jln yg mulus semua berlubang dan hanya di kedua jalur tsb sementara kondisi jalan sesudah dan setelahnya masih aman semoga kerusakan tsb segera ditindaklanjuti,Selesai,dinas pekerjaan umum bina marga cipta karya
detail lokasi ruas jalan jalan raya kertek sapuran kepil wonosobo,Selesai,dinas pekerjaan umum bina marga cipta karya
mohon bantuannya pak anak kami lahir prematur usia bulan dg berat badan kg sudah hampir hari ini berada di rumah sakit umum mohon diberi bantuan proses pengurusan bpjs kesehatan meskipun hari libur terima kasih,Selesai,dinas kesehatan
alamat kabupaten kota wonosobo kecamatan sapuran kelurahan sedayu laporan saya mengajukan aduan ke dpu kabupaten wonosobo di no aduan lapor bupati tentang bangunan tambal ban di atas tanah dpu padahal ada plangkat dilarang mendirikan bangunan di area tersebut karena lokasinya di tikungan tajam dan penerangannya pun gelap setelah di tindak lanjuti cuma di mundurkan setelah saya konfirmasi kembali katanya sudah ada ijin terus gunanya apa plangkat di larang membangun di area tersebut soalnya sering hampir terjadi kecelakaan di area tersebut karena kaget habis tikungan tajam dan penerangan kurang tiba tiba ada kendaraan berhenti karena sedang di tambal lokasinya di tikungan tajam depan makam dusun silempah desa sedayu kecamatan sapuran kab wonosobo,Selesai,dinas pekerjaan umum bina marga cipta karya
lokasi sapuran wonosobo saya habis bayar pajak kendaraan tahunan masak nembak ktp ribu di samsad keliling sapuran jumlah di stnk ribu saya disurih bayar ribu sangat tidak wajar dan sangat tidak manusiawi korupsinya ,Selesai,kepolisian daerah jawa tengah
alamat kabupaten kota wonosobo kecamatan sapuran kelurahan tempursari laporan mau tanya pak ini syarat buat sim sekarang bayar rb yaa pak ,Selesai,kepolisian daerah jawa tengah
alamat kabupaten kota wonosobo kecamatan kalikajar kelurahan kalikajar laporan melaporkan bahwa ruas jalan provinsi wonosobo purworejo khususnya mulai titik setelah pasar kertek hingga ke perbatasan kec sapuran kondisinya rusak banyak lubang dalam dan sudah menimbulkan korban jatuh kecelakaan dari pihak bina marga prov jateng sudah berupaya melakukan penambalan jalan bertahap tapi sepertinya perlu dilakukan mekanisme lainnya mengingat penambalan tersebut mudah rusak kembali jika terkena hujan mohon ruas jalan ini bisa diperbaiki rehab secara optimal tidak hanya ditambal agar pengendara aman dan selamat mengingat jika hujan apalagi malam sangat membahayakan terima kasih ,Selesai,dinas pekerjaan umum bina marga cipta karya
